INSERT INTO `users` VALUES ('63aa24febf1a4fb88c149613d67e00ef','usuario','$2a$10$ceW4IsKmew//mx6D01bvbODU782HxZ1lRnxjwoD5sHKjOV.KzBqyu',1,'2023-04-02 17:00:01.501632','2023-04-02 17:00:01.512373',NULL),('998675f558eb45d1a455c8e835350d2a','admindavi','$2a$10$jEG2.f0ZfPuIvDN2QIil0.dRdT4X4v2hA1cDF8Gum1EbO4ydbAky2',1,'2023-04-02 01:59:26.000000','2023-04-02 01:59:26.000000',NULL);

INSERT INTO `roles` VALUES ('0f10cc17a85748d1836dc4665567bc83','ROLE_ADMIN','2023-04-02 01:59:26.000000','2023-04-02 01:59:26.000000'),('dfb6fb0d85cc4cb0a46abb711d6bb7e0','ROLE_MEMBER','2023-04-02 01:59:26.000000','2023-04-02 01:59:26.000000');

INSERT INTO `fixed_taxes` VALUES ('2ed916aeb5684a938756342a71b08d0e',1,2,3,4,5,6,7,8,9,'998675f558eb45d1a455c8e835350d2a','2023-04-02 15:37:39.167320','2023-04-02 16:55:40.536123'),('99150c20b171439d82fc8086e4ab4fc5',234,100,200,100,100,100,100,234,10,'63aa24febf1a4fb88c149613d67e00ef','2023-04-02 17:00:37.507578','2023-04-02 17:00:37.545474');

INSERT INTO `hour_values` VALUES ('33c173784cec494eae8cff03ff9ca73f',2000,20,25,'63aa24febf1a4fb88c149613d67e00ef','2023-04-02 17:00:53.840789','2023-04-02 17:01:04.289156'),('3c77e671b2c84ef5a06ec5b72ffb83fc',10,9,1,'998675f558eb45d1a455c8e835350d2a','2023-04-02 16:55:52.601393','2023-04-02 16:55:55.959701');

INSERT INTO `variable_taxes` VALUES ('269f7a6a91534256adc37e8a49dcfb7b',2,3,5,1,4,'998675f558eb45d1a455c8e835350d2a','2023-04-02 16:55:54.854916','2023-04-02 16:55:54.854916'),('ce6a0058032c417480739215d8236762',50,300,200,100,100,'63aa24febf1a4fb88c149613d67e00ef','2023-04-02 17:00:49.425188','2023-04-02 17:00:49.425188');

INSERT INTO `users_fixedtaxes` VALUES ('998675f558eb45d1a455c8e835350d2a','2ed916aeb5684a938756342a71b08d0e'),('63aa24febf1a4fb88c149613d67e00ef','99150c20b171439d82fc8086e4ab4fc5');

INSERT INTO `users_hourvalues` VALUES ('63aa24febf1a4fb88c149613d67e00ef','33c173784cec494eae8cff03ff9ca73f'),('998675f558eb45d1a455c8e835350d2a','3c77e671b2c84ef5a06ec5b72ffb83fc');

INSERT INTO `users_roles` VALUES ('998675f558eb45d1a455c8e835350d2a','0f10cc17a85748d1836dc4665567bc83'),('63aa24febf1a4fb88c149613d67e00ef','dfb6fb0d85cc4cb0a46abb711d6bb7e0'),('998675f558eb45d1a455c8e835350d2a','dfb6fb0d85cc4cb0a46abb711d6bb7e0');

INSERT INTO `users_variabletaxes` VALUES ('998675f558eb45d1a455c8e835350d2a','269f7a6a91534256adc37e8a49dcfb7b'),('63aa24febf1a4fb88c149613d67e00ef','ce6a0058032c417480739215d8236762');

INSERT INTO `total_taxes` VALUES ('51c6d3cb38d14156aa08950db54f06cc','99150c20b171439d82fc8086e4ab4fc5','ce6a0058032c417480739215d8236762','33c173784cec494eae8cff03ff9ca73f','63aa24febf1a4fb88c149613d67e00ef'),('84ac238fb58d4bbb8927e4c8612b64b0','2ed916aeb5684a938756342a71b08d0e','269f7a6a91534256adc37e8a49dcfb7b','3c77e671b2c84ef5a06ec5b72ffb83fc','998675f558eb45d1a455c8e835350d2a');

 
 